Name,Age,City,Email,Password
Wendy Hopkins,18,Lisaton,wendyhopkins35@gmail.com,&jMXM2la5U
Joshua Floyd,22,North Jasmine,joshuafloyd61@gmail.com,+j((Mj847U
Michelle Jacobs,29,Sheenaport,michellejacobs37@gmail.com,7nZ&63vx+u
Hector Glass,21,Rebeccahaven,hectorglass44@gmail.com,Sr50FodfG(
Jacob Johnson,20,New Ashleyshire,jacobjohnson59@gmail.com,ocK9DwLTl)
Caitlin Love,48,South Sean,caitlinlove90@gmail.com,l9B7N04V^3
Monica Collins,34,Lake Curtis,monicacollins43@gmail.com,@%o9bWsB7t
Erika Jenkins,50,North Jamesville,erikajenkins98@gmail.com,Nf^NG7da%4
Glenn Hensley,43,New Matthew,glennhensley27@gmail.com,bS41JRy6+e
James Brewer,33,East Jared,jamesbrewer89@gmail.com,!Wl^V6FddO
Louis Wang,39,Joshualand,louiswang82@gmail.com,u&2W*XrOJK
Wendy Wise,21,West Christineberg,wendywise34@gmail.com,!8Hax0(Jax
Dr. Paula Rodriguez,45,Robinsonborough,dr.paularodriguez95@gmail.com,Gaa8wgHs+*
James Buckley,34,Brookston,jamesbuckley96@gmail.com,*57SoFp_!Y
Brittany Brown,46,Martinmouth,brittanybrown91@gmail.com,VQ^3HbZul4
Eric Riddle,40,Lake Laurie,ericriddle36@gmail.com,dhrzMb0!&0
Sheryl Moore,38,Townsendville,sherylmoore72@gmail.com,)ZR7Q3vGbE
Catherine Stout,60,East Juan,catherinestout53@gmail.com,Hn1DcxMSq%
Wendy Walter,43,Timothyside,wendywalter92@gmail.com,Rl8$Ak4u(l
Tina Adkins,34,Port Sarahmouth,tinaadkins83@gmail.com,V(*T3KLn@J
Jessica Padilla,50,East Debra,jessicapadilla68@gmail.com,h63qbZAg#P
Regina Rivera,19,Whitechester,reginarivera58@gmail.com,bn5xORMn_e
Kevin Bell,20,Williamsberg,kevinbell91@gmail.com,p$7_3RmsyS
Mr. Russell Garcia,43,Lorifurt,mr.russellgarcia38@gmail.com,%I&tYyxup0
Mr. Anthony Wolfe DDS,30,Crawfordside,mr.anthonywolfedds35@gmail.com,)e9MiI_hd(
Michael Carroll,48,Morganport,michaelcarroll63@gmail.com,)@21FQfxbh
Jennifer Williams,47,North Jonathan,jenniferwilliams16@gmail.com,M)N0QQUvQq
John Howell,29,East Karichester,johnhowell70@gmail.com,#JlRwTGC2#
Matthew Williams,20,Joelfurt,matthewwilliams96@gmail.com,(AuU6xh^(6
David Jackson,41,Amyfort,davidjackson86@gmail.com,FUnF&VfZ(6
Natasha Clayton,22,North John,natashaclayton99@gmail.com,hANlmObk!1
Nicholas Lawson,54,New Markchester,nicholaslawson98@gmail.com,TM0NFwun&S
Carolyn Rivas,45,East Kristinaburgh,carolynrivas43@gmail.com,J8E@My5B+q
Derrick Hernandez,53,Ronaldbury,derrickhernandez59@gmail.com,ch^M9Uit!Q
Monica Dean,53,Johnsonside,monicadean15@gmail.com,*#vG5OqWfN
Jeffery Pierce,21,Jacksonmouth,jefferypierce17@gmail.com,$029qcSn&P
Adrienne Crawford,30,North Ryan,adriennecrawford75@gmail.com,T*_0Xhe5x0
Todd Meyers,53,Juliefurt,toddmeyers70@gmail.com,*Zx3Ud3gS6
Andrew Hanson,22,Lake Barbaraberg,andrewhanson29@gmail.com,(t4Fq)YoPY
Gerald Sims,37,New Brittanyberg,geraldsims85@gmail.com,x$UoN2KrNP
Jason White,38,Andersonfort,jasonwhite24@gmail.com,*3YL8ds06Y
Dominique Smith,40,East Amy,dominiquesmith46@gmail.com,$O3CDU+vtk
Christy Walker,54,Michaelfort,christywalker37@gmail.com,$6d99Zwwx0
Patricia Ramsey,42,Lake Sonyaport,patriciaramsey63@gmail.com,80@qX5b^!b
Jennifer Thompson,21,East Jacobborough,jenniferthompson94@gmail.com,nMPgdHjo*9
Russell Morse,54,Edwardstad,russellmorse56@gmail.com,c#6ToIQatf
Christine Barnes,34,New Jerryport,christinebarnes74@gmail.com,(B1AcZF(Q$
Nicole King,43,South Katherineland,nicoleking69@gmail.com,+eU^7ZgCIK
Amanda Zavala,58,Martinshire,amandazavala80@gmail.com,Y2uSHWbn$3
Brandi Walker,35,Lake Michaelfort,brandiwalker66@gmail.com,#X1#s7NkN1
Kristina Garcia,19,Davisfurt,kristinagarcia74@gmail.com,4_91YWrRgi
Adam Alvarez,46,East Ethan,adamalvarez11@gmail.com,R1uA*0Tl!b
Aaron Fowler,53,Steveside,aaronfowler56@gmail.com,!E^UG@Rd%7
Ryan Davidson,23,Charlesland,ryandavidson57@gmail.com,9oy+Wof&&d
Joel Shields,54,West Darrylville,joelshields50@gmail.com,I%EdcoC3&6
Geoffrey Cooper PhD,18,Doylestad,geoffreycooperphd11@gmail.com,C@7qkTqTL^
Nathan Jordan,54,New Sarah,nathanjordan11@gmail.com,$!3M7&Kpl9
Ross Turner,56,Cummingsshire,rossturner29@gmail.com,)4XTuyAVir
Devin Rice,41,Alvaradofort,devinrice93@gmail.com,79%6nHw!Ij
Mary Reed,43,Port Peter,maryreed30@gmail.com,0vj6hP1qp*
Theresa Hess,50,North Richardburgh,theresahess21@gmail.com,*lB8mFm$tQ
Taylor Day,50,Lake Jenniferbury,taylorday35@gmail.com,U!4vDapMuc
Johnathan Carlson,34,Jonesmouth,johnathancarlson22@gmail.com,n0Ew1+jK)v
Miranda Evans,50,Port Trevorchester,mirandaevans72@gmail.com,+D#uX3PrjH
Beth Williams,39,South Christopher,bethwilliams43@gmail.com,#(Ib1SjgMF
Leslie West,33,North Michael,lesliewest60@gmail.com,7LjU6e0G!d
Eric Baldwin,48,West Ricky,ericbaldwin70@gmail.com,o5*ulZJi$$
Luis Hall,36,Ashleymouth,luishall10@gmail.com,v)5Ls_5#7(
Erin Reed,18,Lake Stephanieville,erinreed86@gmail.com,7(8Y!ZJxBp
Brendan Boyd,32,Cindymouth,brendanboyd17@gmail.com,_pmKajakE3
Kayla Jackson,52,East Caseytown,kaylajackson25@gmail.com,1#BL5OpicF
Dana Williams,28,Hoodland,danawilliams20@gmail.com,!7_VvuZ&iB
Kelly Horne,39,Davidside,kellyhorne35@gmail.com,&bF2+P9oAQ
John Reyes,40,Nathanside,johnreyes20@gmail.com,)HNs5yZn+_
Jessica Everett,48,Paulastad,jessicaeverett53@gmail.com,e0Xigqar#^
John Thompson,23,Morganfurt,johnthompson82@gmail.com,K41SHIdjC+
James Miller,30,Melissaside,jamesmiller23@gmail.com,HvTZIpIL)8
Jonathan Avery,23,South Diana,jonathanavery64@gmail.com,)4)Y%kVlqR
Alice Bradley,37,Lake Edwardstad,alicebradley70@gmail.com,Mx3VksIYr*
Gregory Hernandez,19,North Daleside,gregoryhernandez48@gmail.com,+m7WxxF^%T
Micheal Glover,38,Vincentton,michealglover36@gmail.com,y!q98xC#^a
Antonio Smith,27,Linmouth,antoniosmith15@gmail.com,p*8EPn^3$m
Robin Booker,45,East Jocelynfort,robinbooker14@gmail.com,)895BEwt(N
Matthew Chambers,43,Madisonmouth,matthewchambers83@gmail.com,C7BzhtIy@e
Omar Stephens,25,Port Michele,omarstephens34@gmail.com,n(ZF2KqR(#
Christopher Rodriguez,41,Smithtown,christopherrodriguez24@gmail.com,o4RW*HdV!g
Victoria Brown,36,Lauraborough,victoriabrown11@gmail.com,VyGCIGt&%4
Shawn Clark,42,Michaelhaven,shawnclark34@gmail.com,h(M43Qyi(*
Brandon Wilson,45,Alexanderside,brandonwilson20@gmail.com,*vC7ShZei@
Alyssa Leonard,48,Port Kari,alyssaleonard66@gmail.com,#1yCF&Wdc_
Matthew Lane,29,Williambury,matthewlane46@gmail.com,o7ZIX0pb%0
Tamara Poole,37,South Mallory,tamarapoole80@gmail.com,M(^G1YPgk0
Samantha Ball,55,Lake Raymondmouth,samanthaball58@gmail.com,UY6P2Kak$_
Ryan Clark,32,New Emilychester,ryanclark71@gmail.com,(5Qfgd_Fxj
Mackenzie Jones,51,West Scott,mackenziejones50@gmail.com,Bq^9ZR9v%L
Devin Booker,27,Port Thomasville,devinbooker91@gmail.com,&V7Gb3vIhn
Benjamin Campbell,34,East Nicholaston,benjamincampbell66@gmail.com,r59(5AJywS
Edwin Zimmerman,25,Hansenstad,edwinzimmerman93@gmail.com,dJ%+8Dmd_D
Kimberly Rodriguez,30,Christophertown,kimberlyrodriguez85@gmail.com,_B3Z)V$x8W
Connor Carroll,57,South Robert,connorcarroll32@gmail.com,$AuG)b7fc2
